n, s
9, 9.322166442871094e-05
10, 9.393692016601562e-05
11, 0.00010013580322265625
12, 0.00011229515075683594
13, 0.00012111663818359375
14, 0.00023698806762695312
15, 0.00015211105346679688
16, 0.0001621246337890625
17, 0.00018286705017089844
18, 0.0002338886260986328
19, 0.00023794174194335938
20, 0.00039696693420410156
21, 0.0002651214599609375
22, 0.00028061866760253906
23, 0.00031495094299316406
24, 0.00024700164794921875
25, 0.00030303001403808594
26, 0.0004010200500488281
27, 0.00033402442932128906
28, 0.0002968311309814453
29, 0.0004341602325439453
30, 0.00043010711669921875
31, 0.00040602684020996094
32, 0.0004429817199707031
33, 0.0009398460388183594
34, 0.0002276897430419922
35, 0.000263214111328125
36, 0.0002620220184326172
37, 0.0002799034118652344
38, 0.0002810955047607422
39, 0.0002570152282714844
40, 0.00025391578674316406
41, 0.0006120204925537109
42, 0.0008628368377685547
43, 0.0003719329833984375
44, 0.0002460479736328125
45, 0.0002460479736328125
46, 0.0002841949462890625
47, 0.0009493827819824219
48, 0.0007150173187255859
49, 0.00049591064453125
50, 0.0004470348358154297
51, 0.00043487548828125
52, 0.0004417896270751953
53, 0.0004520416259765625
54, 0.0004527568817138672
55, 0.0005249977111816406
56, 0.000598907470703125
57, 0.000553131103515625
58, 0.0005679130554199219
59, 0.0006158351898193359
60, 0.0010499954223632812
61, 0.0007250308990478516
62, 0.0009620189666748047
63, 0.00046515464782714844
64, 0.0005197525024414062
65, 0.0005056858062744141
66, 0.00037217140197753906
67, 0.0007619857788085938
68, 0.0003502368927001953
69, 0.0003559589385986328
70, 0.0003612041473388672
71, 0.0003650188446044922
72, 0.0003681182861328125
73, 0.00037789344787597656
74, 0.0003800392150878906
75, 0.00048089027404785156
76, 0.0003948211669921875
77, 0.00040078163146972656
78, 0.0004069805145263672
79, 0.00041174888610839844
80, 0.0004258155822753906
81, 0.0017430782318115234
82, 0.0010929107666015625
83, 0.000926971435546875
84, 0.0005261898040771484
85, 0.0006020069122314453
86, 0.0008540153503417969
87, 0.0008571147918701172
88, 0.0004792213439941406
89, 0.00047588348388671875
90, 0.0004761219024658203
91, 0.00047898292541503906
92, 0.0004799365997314453
93, 0.0004820823669433594
94, 0.000576019287109375
95, 0.0005719661712646484
96, 0.0004992485046386719
97, 0.0006220340728759766
98, 0.0009937286376953125
99, 0.0019559860229492188
100, 0.0008320808410644531
101, 0.0005409717559814453
102, 0.0005362033843994141
103, 0.0005350112915039062
104, 0.0006122589111328125
105, 0.0005660057067871094
106, 0.0017971992492675781
107, 0.0005581378936767578
108, 0.0005590915679931641
109, 0.0005669593811035156
110, 0.0006189346313476562
111, 0.000701904296875
112, 0.0012619495391845703
113, 0.0015399456024169922
114, 0.0006580352783203125
115, 0.0006108283996582031
116, 0.0011620521545410156
117, 0.0006310939788818359
118, 0.0006120204925537109
119, 0.0006170272827148438
120, 0.0006229877471923828
121, 0.0006337165832519531
122, 0.0006341934204101562
123, 0.0006380081176757812
124, 0.0007951259613037109
125, 0.0011570453643798828
126, 0.0009868144989013672
127, 0.0006849765777587891
128, 0.0006639957427978516
129, 0.0006787776947021484
130, 0.0006771087646484375
131, 0.0008671283721923828
132, 0.0007781982421875
133, 0.0006861686706542969
134, 0.0006799697875976562
135, 0.0006971359252929688
136, 0.0007071495056152344
137, 0.0015292167663574219
138, 0.001016855239868164
139, 0.0011429786682128906
140, 0.0008199214935302734
141, 0.0007379055023193359
142, 0.0007460117340087891
143, 0.0007379055023193359
144, 0.0007448196411132812
145, 0.0007500648498535156
146, 0.0007510185241699219
147, 0.0007581710815429688
148, 0.0008902549743652344
149, 0.0015869140625
150, 0.001505136489868164
151, 0.0008029937744140625
152, 0.0008111000061035156
153, 0.0008029937744140625
154, 0.0008170604705810547
155, 0.0008130073547363281
156, 0.0008220672607421875
157, 0.0008981227874755859
158, 0.0008320808410644531
159, 0.0009500980377197266
160, 0.001222848892211914
161, 0.0015041828155517578
162, 0.0009748935699462891
163, 0.000885009765625
164, 0.0009641647338867188
165, 0.0008809566497802734
166, 0.0008871555328369141
167, 0.0009007453918457031
168, 0.0009069442749023438
169, 0.0009119510650634766
170, 0.0009248256683349609
171, 0.0020780563354492188
172, 0.0018520355224609375
173, 0.0009679794311523438
174, 0.000926971435546875
175, 0.000946044921875
176, 0.0009911060333251953
177, 0.001004934310913086
178, 0.001199960708618164
179, 0.0010533332824707031
180, 0.0018811225891113281
181, 0.0018737316131591797
182, 0.0010790824890136719
183, 0.0010979175567626953
184, 0.001127004623413086
185, 0.0010361671447753906
186, 0.0010402202606201172
187, 0.0010571479797363281
188, 0.0011489391326904297
189, 0.0018761157989501953
190, 0.0020208358764648438
191, 0.001110076904296875
192, 0.0010979175567626953
193, 0.0010981559753417969
194, 0.0011188983917236328
195, 0.0011718273162841797
196, 0.0012328624725341797
197, 0.0012421607971191406
198, 0.001989126205444336
199, 0.0013148784637451172
200, 0.0011436939239501953
201, 0.0011432170867919922
202, 0.001249074935913086
203, 0.001142740249633789
204, 0.001154184341430664
205, 0.0011861324310302734
206, 0.002485036849975586
207, 0.0022759437561035156
208, 0.0012080669403076172
209, 0.0011992454528808594
210, 0.0011909008026123047
211, 0.0013501644134521484
212, 0.0012197494506835938
213, 0.002321958541870117
214, 0.002372264862060547
215, 0.001291036605834961
216, 0.0012290477752685547
217, 0.001232147216796875
218, 0.0013921260833740234
219, 0.0012516975402832031
220, 0.0013608932495117188
221, 0.0026788711547851562
222, 0.0016827583312988281
223, 0.0014111995697021484
224, 0.0012879371643066406
225, 0.0012888908386230469
226, 0.001294851303100586
227, 0.0013020038604736328
228, 0.0019419193267822266
229, 0.0022161006927490234
230, 0.0016100406646728516
231, 0.0015292167663574219
232, 0.0013358592987060547
233, 0.0015540122985839844
234, 0.0014579296112060547
235, 0.002724170684814453
236, 0.0016162395477294922
237, 0.001544952392578125
238, 0.001378774642944336
239, 0.0013611316680908203
240, 0.0013608932495117188
241, 0.0013849735260009766
242, 0.002908945083618164
243, 0.0016751289367675781
244, 0.0013921260833740234
245, 0.0014810562133789062
246, 0.0013959407806396484
247, 0.0016231536865234375
248, 0.0016551017761230469
249, 0.0029871463775634766
250, 0.0014688968658447266
251, 0.0018072128295898438
252, 0.003663778305053711
253, 0.001657724380493164
254, 0.0034089088439941406
255, 0.0014901161193847656
256, 0.0014977455139160156
257, 0.0014438629150390625
258, 0.0014469623565673828
259, 0.0016679763793945312
260, 0.003390073776245117
261, 0.002089977264404297
262, 0.00152587890625
263, 0.001753091812133789
264, 0.0015060901641845703
265, 0.0017032623291015625
266, 0.0031821727752685547
267, 0.0017390251159667969
268, 0.0015592575073242188
269, 0.0015270709991455078
270, 0.0015420913696289062
271, 0.0026187896728515625
272, 0.0029630661010742188
273, 0.001583099365234375
274, 0.0015630722045898438
275, 0.001912832260131836
276, 0.0016047954559326172
277, 0.003111124038696289
278, 0.0025930404663085938
279, 0.001600027084350586
280, 0.001611948013305664
281, 0.0016629695892333984
282, 0.0031778812408447266
283, 0.0017170906066894531
284, 0.0017201900482177734
285, 0.0016219615936279297
286, 0.001748800277709961
287, 0.001806020736694336
288, 0.0038042068481445312
289, 0.0018622875213623047
290, 0.0016591548919677734
291, 0.0016789436340332031
292, 0.0016951560974121094
293, 0.003398895263671875
294, 0.001753091812133789
295, 0.0016908645629882812
296, 0.001699209213256836
297, 0.002001047134399414
298, 0.0034952163696289062
299, 0.0017709732055664062
300, 0.0019431114196777344
301, 0.0017209053039550781
302, 0.0018181800842285156
303, 0.0035789012908935547
304, 0.0018107891082763672
305, 0.0017919540405273438
306, 0.0017557144165039062
307, 0.0018160343170166016
308, 0.004158973693847656
309, 0.0017828941345214844
310, 0.0017809867858886719
311, 0.0026161670684814453
312, 0.0021619796752929688
313, 0.003412008285522461
314, 0.001967191696166992
315, 0.0018486976623535156
316, 0.001909017562866211
317, 0.0027399063110351562
318, 0.0029027462005615234
319, 0.0019078254699707031
320, 0.0018739700317382812
321, 0.002084970474243164
322, 0.003442049026489258
323, 0.004544973373413086
324, 0.0019578933715820312
325, 0.0019719600677490234
326, 0.0031998157501220703
327, 0.0022840499877929688
328, 0.0020170211791992188
329, 0.0019450187683105469
330, 0.0022301673889160156
331, 0.006285190582275391
332, 0.00214385986328125
333, 0.001968860626220703
334, 0.0020759105682373047
335, 0.0030269622802734375
336, 0.0023779869079589844
337, 0.0020012855529785156
338, 0.0020248889923095703
339, 0.0023059844970703125
340, 0.0045108795166015625
341, 0.002125978469848633
342, 0.0021920204162597656
343, 0.0020189285278320312
344, 0.0036058425903320312
345, 0.0024309158325195312
346, 0.0021791458129882812
347, 0.002454042434692383
348, 0.004483938217163086
349, 0.002695322036743164
350, 0.0021419525146484375
351, 0.0023658275604248047
352, 0.0034830570220947266
353, 0.0025599002838134766
354, 0.0022058486938476562
355, 0.0021009445190429688
356, 0.0022890567779541016
357, 0.0032799243927001953
358, 0.0022411346435546875
359, 0.002142190933227539
360, 0.0025222301483154297
361, 0.004816770553588867
362, 0.002297639846801758
363, 0.0021588802337646484
364, 0.002216339111328125
365, 0.003979921340942383
366, 0.002357006072998047
367, 0.0022013187408447266
368, 0.0021829605102539062
369, 0.003554821014404297
370, 0.002492189407348633
371, 0.002463817596435547
372, 0.0022199153900146484
373, 0.0032567977905273438
374, 0.0029060840606689453
375, 0.002301931381225586
376, 0.002238035202026367
377, 0.0029277801513671875
378, 0.0025739669799804688
379, 0.0023491382598876953
380, 0.0025026798248291016
381, 0.0032498836517333984
382, 0.0029659271240234375
383, 0.002427816390991211
384, 0.002712726593017578
385, 0.002646923065185547
386, 0.0026810169219970703
387, 0.0031931400299072266
388, 0.004045009613037109
389, 0.002573251724243164
390, 0.0023050308227539062
391, 0.0023238658905029297
392, 0.0037851333618164062
393, 0.002359151840209961
394, 0.0023250579833984375
395, 0.003763914108276367
396, 0.002735137939453125
397, 0.0025911331176757812
398, 0.002343893051147461
399, 0.005199909210205078
400, 0.0024330615997314453
401, 0.002421140670776367
402, 0.002836942672729492
403, 0.0035021305084228516
404, 0.002401113510131836
405, 0.0024678707122802734
406, 0.002699136734008789
407, 0.0032377243041992188
408, 0.002501249313354492
409, 0.002421855926513672
410, 0.0052738189697265625
411, 0.002577066421508789
412, 0.0026030540466308594
413, 0.0025129318237304688
414, 0.003713846206665039
415, 0.002553224563598633
416, 0.002479076385498047
417, 0.0042378902435302734
418, 0.0025920867919921875
419, 0.0025169849395751953
420, 0.0029931068420410156
421, 0.003695964813232422
422, 0.0028159618377685547
423, 0.002536773681640625
424, 0.0051479339599609375
425, 0.002691030502319336
426, 0.0025551319122314453
427, 0.0027740001678466797
428, 0.006130218505859375
429, 0.002724885940551758
430, 0.003749847412109375
431, 0.0030448436737060547
432, 0.002602100372314453
433, 0.0029420852661132812
434, 0.0042266845703125
435, 0.002604961395263672
436, 0.003075838088989258
437, 0.0056459903717041016
438, 0.0034461021423339844
439, 0.002635955810546875
440, 0.00475311279296875
441, 0.0028171539306640625
442, 0.002638101577758789
443, 0.0027780532836914062
444, 0.0039179325103759766
445, 0.0027518272399902344
446, 0.002657175064086914
447, 0.005238056182861328
448, 0.0026988983154296875
449, 0.0026602745056152344
450, 0.004960060119628906
451, 0.0028171539306640625
452, 0.0027840137481689453
453, 0.003931999206542969
454, 0.0033330917358398438
455, 0.0028829574584960938
456, 0.003165006637573242
457, 0.004167795181274414
458, 0.0029370784759521484
459, 0.0029430389404296875
460, 0.005110025405883789
461, 0.0028252601623535156
462, 0.003319978713989258
463, 0.005740165710449219
464, 0.0028798580169677734
465, 0.0029947757720947266
466, 0.004350900650024414
467, 0.003355264663696289
468, 0.002820730209350586
469, 0.0034630298614501953
470, 0.0032868385314941406
471, 0.002969980239868164
472, 0.006758928298950195
473, 0.0031349658966064453
474, 0.003030061721801758
475, 0.00498509407043457
476, 0.0030770301818847656
477, 0.002889871597290039
478, 0.004647731781005859
479, 0.0030379295349121094
480, 0.003393888473510742
481, 0.005745887756347656
482, 0.0031440258026123047
483, 0.003106832504272461
484, 0.005361795425415039
485, 0.003142118453979492
486, 0.0033369064331054688
487, 0.005331993103027344
488, 0.003381013870239258
489, 0.002956867218017578
490, 0.005494594573974609
491, 0.003252267837524414
492, 0.003119945526123047
493, 0.005656719207763672
494, 0.0035581588745117188
495, 0.002995014190673828
496, 0.0058193206787109375
497, 0.003201007843017578
498, 0.003153085708618164
499, 0.005663871765136719
500, 0.0035178661346435547
501, 0.0034902095794677734
502, 0.004631996154785156
503, 0.003180980682373047
504, 0.004304170608520508
505, 0.0033757686614990234
506, 0.003413677215576172
507, 0.004584789276123047
508, 0.0034761428833007812
509, 0.0031757354736328125
510, 0.003206968307495117
511, 0.0032911300659179688
512, 0.004602193832397461
513, 0.0034630298614501953
514, 0.003108978271484375
515, 0.005681037902832031
516, 0.0033500194549560547
517, 0.0037622451782226562
518, 0.005853176116943359
519, 0.003525257110595703
520, 0.003184795379638672
521, 0.0036809444427490234
522, 0.003164052963256836
523, 0.004786252975463867
524, 0.0032999515533447266
525, 0.0032758712768554688
526, 0.006078958511352539
527, 0.0032701492309570312
528, 0.0034270286560058594
529, 0.00488591194152832
530, 0.003245115280151367
531, 0.0040590763092041016
532, 0.003628969192504883
533, 0.0032377243041992188
534, 0.006125926971435547
535, 0.0033321380615234375
536, 0.003607034683227539
537, 0.004985809326171875
538, 0.003278017044067383
539, 0.005585193634033203
540, 0.003454923629760742
541, 0.0032739639282226562
542, 0.00561213493347168
543, 0.005685091018676758
544, 0.005944967269897461
545, 0.003367900848388672
546, 0.0033321380615234375
547, 0.004999876022338867
548, 0.0036029815673828125
549, 0.005255937576293945
550, 0.0038232803344726562
551, 0.0033838748931884766
552, 0.004804134368896484
553, 0.003412961959838867
554, 0.006143093109130859
555, 0.003960132598876953
556, 0.004038095474243164
557, 0.004334926605224609
558, 0.003422975540161133
559, 0.006047964096069336
560, 0.003721952438354492
561, 0.0034427642822265625
562, 0.004743814468383789
563, 0.003980159759521484
564, 0.005590200424194336
565, 0.003911256790161133
566, 0.007525205612182617
567, 0.003696918487548828
568, 0.007067203521728516
569, 0.0035109519958496094
570, 0.005460023880004883
571, 0.0038640499114990234
572, 0.004229307174682617
573, 0.0050733089447021484
574, 0.003695249557495117
575, 0.006899833679199219
576, 0.005856037139892578
577, 0.006516218185424805
578, 0.003690004348754883
579, 0.005014896392822266
580, 0.0037910938262939453
581, 0.003720998764038086
582, 0.005388021469116211
583, 0.0036077499389648438
584, 0.007155895233154297
585, 0.0036590099334716797
586, 0.004088163375854492
587, 0.0043239593505859375
588, 0.0036220550537109375
589, 0.006976127624511719
590, 0.003735065460205078
591, 0.0061511993408203125
592, 0.003915071487426758
593, 0.003740072250366211
594, 0.003985881805419922
595, 0.003676891326904297
596, 0.0069119930267333984
597, 0.0041162967681884766
598, 0.005540132522583008
599, 0.003961801528930664
600, 0.005265951156616211
601, 0.0039370059967041016
602, 0.004218101501464844
603, 0.006616115570068359
604, 0.003780841827392578
605, 0.007196903228759766
606, 0.0038361549377441406
607, 0.005244016647338867
608, 0.006271839141845703
609, 0.005922079086303711
610, 0.003946065902709961
611, 0.0042266845703125
612, 0.005337715148925781
613, 0.0039670467376708984
614, 0.006030082702636719
615, 0.0038208961486816406
616, 0.006854057312011719
617, 0.004052162170410156
618, 0.005146980285644531
619, 0.004164934158325195
620, 0.0038111209869384766
621, 0.004333019256591797
622, 0.00409388542175293
623, 0.0056378841400146484
624, 0.0038700103759765625
625, 0.006999969482421875
626, 0.003983020782470703
627, 0.0058269500732421875
628, 0.004504680633544922
629, 0.005387067794799805
630, 0.004156827926635742
631, 0.004549741744995117
632, 0.004277944564819336
633, 0.004284858703613281
634, 0.005482912063598633
635, 0.00725102424621582
636, 0.0041048526763916016
637, 0.004313945770263672
638, 0.004754066467285156
639, 0.003966093063354492
640, 0.005384922027587891
641, 0.0041730403900146484
642, 0.005875349044799805
643, 0.004037141799926758
644, 0.007324934005737305
645, 0.004036903381347656
646, 0.007071971893310547
647, 0.004306316375732422
648, 0.006511211395263672
649, 0.004122018814086914
650, 0.005531787872314453
651, 0.004328012466430664
652, 0.004091024398803711
653, 0.004597187042236328
654, 0.004106044769287109
655, 0.0045850276947021484
656, 0.005847930908203125
657, 0.005026102066040039
658, 0.004619121551513672
659, 0.00457310676574707
660, 0.004497051239013672
661, 0.007346153259277344
662, 0.0057642459869384766
663, 0.004359245300292969
664, 0.0056056976318359375
665, 0.00432586669921875
666, 0.004347085952758789
667, 0.004752159118652344
668, 0.004766941070556641
669, 0.0046138763427734375
670, 0.0043849945068359375
671, 0.004786014556884766
672, 0.004819154739379883
673, 0.004557132720947266
674, 0.004456043243408203
675, 0.005876064300537109
676, 0.0041501522064208984
677, 0.004734992980957031
678, 0.004395008087158203
679, 0.005690813064575195
680, 0.004836082458496094
681, 0.005473136901855469
682, 0.004252910614013672
683, 0.0047910213470458984
684, 0.005032062530517578
685, 0.004889965057373047
686, 0.004661083221435547
687, 0.0046651363372802734
688, 0.006403923034667969
689, 0.004602909088134766
690, 0.005939006805419922
691, 0.004598140716552734
692, 0.009486198425292969
693, 0.004478931427001953
694, 0.0065310001373291016
695, 0.004680156707763672
696, 0.006018161773681641
697, 0.0045621395111083984
698, 0.0056722164154052734
699, 0.004742145538330078
700, 0.004522085189819336
701, 0.005895137786865234
702, 0.004504203796386719
703, 0.007886648178100586
704, 0.004980802536010742
705, 0.006915092468261719
706, 0.0044460296630859375
707, 0.005274057388305664
708, 0.0046999454498291016
709, 0.004616975784301758
710, 0.00514674186706543
711, 0.0048677921295166016
712, 0.004706144332885742
713, 0.0046269893646240234
714, 0.010472297668457031
715, 0.004499912261962891
716, 0.0077860355377197266
717, 0.0047419071197509766
718, 0.006638050079345703
719, 0.004783153533935547
720, 0.0051116943359375
721, 0.0049648284912109375
722, 0.004842996597290039
723, 0.006277799606323242
724, 0.004692792892456055
725, 0.007766008377075195
726, 0.004724979400634766
727, 0.0072939395904541016
728, 0.0057260990142822266
729, 0.006384134292602539
730, 0.005099773406982422
731, 0.0052182674407958984
732, 0.004533052444458008
733, 0.004970073699951172
734, 0.006033897399902344
735, 0.005230903625488281
736, 0.00755000114440918
737, 0.004913330078125
738, 0.006432056427001953
739, 0.008279085159301758
740, 0.004684925079345703
741, 0.0075359344482421875
742, 0.004911184310913086
743, 0.007266044616699219
744, 0.0047991275787353516
745, 0.005439043045043945
746, 0.005513906478881836
747, 0.005259990692138672
748, 0.007884979248046875
749, 0.004782915115356445
750, 0.0075571537017822266
751, 0.0051457881927490234
752, 0.007517099380493164
753, 0.004791259765625
754, 0.005697965621948242
755, 0.006229877471923828
756, 0.005023002624511719
757, 0.007635831832885742
758, 0.005033016204833984
759, 0.008649110794067383
760, 0.004854917526245117
761, 0.009406089782714844
762, 0.008055925369262695
763, 0.0072879791259765625
764, 0.004931211471557617
765, 0.0076138973236083984
766, 0.005296945571899414
767, 0.008140087127685547
768, 0.0051021575927734375
769, 0.008327960968017578
770, 0.0054738521575927734
771, 0.00569605827331543
772, 0.006777048110961914
773, 0.004984855651855469
774, 0.00797414779663086
775, 0.0049479007720947266
776, 0.00726008415222168
777, 0.006829977035522461
778, 0.0055999755859375
779, 0.007849931716918945
780, 0.0051441192626953125
781, 0.00816798210144043
782, 0.00587010383605957
783, 0.007669925689697266
784, 0.00691986083984375
785, 0.00545191764831543
786, 0.005792856216430664
787, 0.00758814811706543
788, 0.006237030029296875
789, 0.006559848785400391
790, 0.006949901580810547
791, 0.005049943923950195
792, 0.009490251541137695
793, 0.00521087646484375
794, 0.008014202117919922
795, 0.007838964462280273
796, 0.009206056594848633
797, 0.005271196365356445
798, 0.006678104400634766
799, 0.006829977035522461
800, 0.0054531097412109375
801, 0.0081329345703125
802, 0.005554914474487305
803, 0.00569605827331543
804, 0.008188247680664062
805, 0.0065691471099853516
806, 0.006864070892333984
807, 0.006936073303222656
808, 0.005419015884399414
809, 0.009560108184814453
810, 0.00835275650024414
811, 0.005429983139038086
812, 0.008692026138305664
813, 0.005546092987060547
814, 0.005932807922363281
815, 0.007817983627319336
816, 0.005337953567504883
817, 0.00815892219543457
818, 0.005667209625244141
819, 0.005641937255859375
820, 0.007915019989013672
821, 0.005350828170776367
822, 0.008709907531738281
823, 0.005803823471069336
824, 0.005553722381591797
825, 0.008523941040039062
826, 0.00665593147277832
827, 0.005302906036376953
828, 0.008651971817016602
829, 0.005258083343505859
830, 0.006376981735229492
831, 0.00813913345336914
832, 0.0056231021881103516
833, 0.00854802131652832
834, 0.006000995635986328
835, 0.005485057830810547
836, 0.008262872695922852
837, 0.005293130874633789
838, 0.007146120071411133
839, 0.008489847183227539
840, 0.005764007568359375
841, 0.007911920547485352
842, 0.005840301513671875
843, 0.005695819854736328
844, 0.009144783020019531
845, 0.005463838577270508
846, 0.006119728088378906
847, 0.008032083511352539
848, 0.007628917694091797
849, 0.005723714828491211
850, 0.00835275650024414
851, 0.005684852600097656
852, 0.008079767227172852
853, 0.006777048110961914
854, 0.0059528350830078125
855, 0.008491992950439453
856, 0.0056192874908447266
857, 0.0056688785552978516
858, 0.007609844207763672
859, 0.005448102951049805
860, 0.007892847061157227
861, 0.0068359375
862, 0.0058269500732421875
863, 0.008292913436889648
864, 0.0059239864349365234
865, 0.006150007247924805
866, 0.009005069732666016
867, 0.006466865539550781
868, 0.006021022796630859
869, 0.008292675018310547
870, 0.005568981170654297
871, 0.005569934844970703
872, 0.007947921752929688
873, 0.00566411018371582
874, 0.005711078643798828
875, 0.00839686393737793
876, 0.005925893783569336
877, 0.005712032318115234
878, 0.00921010971069336
879, 0.005896091461181641
880, 0.006249904632568359
881, 0.008352041244506836
882, 0.0058019161224365234
883, 0.007662057876586914
884, 0.008472204208374023
885, 0.01018214225769043
886, 0.005836963653564453
887, 0.008638143539428711
888, 0.007983207702636719
889, 0.00648188591003418
890, 0.010334014892578125
891, 0.009100198745727539
892, 0.011087179183959961
893, 0.010179758071899414
894, 0.010668039321899414
895, 0.012176275253295898
896, 0.006623268127441406
897, 0.0068509578704833984
898, 0.006337165832519531
899, 0.009751081466674805
900, 0.009656190872192383
901, 0.005877971649169922
902, 0.007835149765014648
903, 0.008430957794189453
904, 0.008146286010742188
905, 0.006094694137573242
906, 0.008879661560058594
907, 0.007832765579223633
908, 0.005940914154052734
909, 0.007815837860107422
910, 0.009119987487792969
911, 0.0057430267333984375
912, 0.006469011306762695
913, 0.00855708122253418
914, 0.006196022033691406
915, 0.005923032760620117
916, 0.008512020111083984
917, 0.006304025650024414
918, 0.005916118621826172
919, 0.00935506820678711
920, 0.00652003288269043
921, 0.005939006805419922
922, 0.009181022644042969
923, 0.008509159088134766
924, 0.006041049957275391
925, 0.006247043609619141
926, 0.009802103042602539
927, 0.008464813232421875
928, 0.006110191345214844
929, 0.007399797439575195
930, 0.009360790252685547
931, 0.006560087203979492
932, 0.006801128387451172
933, 0.010991096496582031
934, 0.009939908981323242
935, 0.007070064544677734
936, 0.006251096725463867
937, 0.008162736892700195
938, 0.009398937225341797
939, 0.006102085113525391
940, 0.006229877471923828
941, 0.011305809020996094
942, 0.008517980575561523
943, 0.00606083869934082
944, 0.007090091705322266
945, 0.008925914764404297
946, 0.006443977355957031
947, 0.006254911422729492
948, 0.009337186813354492
949, 0.009402275085449219
950, 0.00626826286315918
951, 0.006941080093383789
952, 0.009041309356689453
953, 0.008496284484863281
954, 0.006317853927612305
955, 0.00806283950805664
956, 0.009875059127807617
957, 0.007487058639526367
958, 0.006453990936279297
959, 0.007354259490966797
960, 0.012105941772460938
961, 0.008934259414672852
962, 0.006510734558105469
963, 0.006601095199584961
964, 0.009252071380615234
965, 0.007928133010864258
966, 0.006747007369995117
967, 0.006816864013671875
968, 0.008973121643066406
969, 0.00782012939453125
970, 0.0072438716888427734
971, 0.0075588226318359375
972, 0.009650945663452148
973, 0.009462833404541016
974, 0.007267951965332031
975, 0.006966114044189453
976, 0.008234977722167969
977, 0.012437105178833008
978, 0.009441614151000977
979, 0.006412029266357422
980, 0.006979227066040039
981, 0.008446216583251953
982, 0.008975028991699219
983, 0.0066242218017578125
984, 0.007031917572021484
985, 0.009198904037475586
986, 0.00946187973022461
987, 0.006868839263916016
988, 0.00677490234375
989, 0.009396076202392578
990, 0.00939798355102539
991, 0.006601095199584961
992, 0.0066890716552734375
993, 0.011713027954101562
994, 0.010004997253417969
995, 0.009659051895141602
996, 0.006666898727416992
997, 0.006942033767700195
998, 0.009344100952148438
999, 0.00951695442199707
1000, 0.013305902481079102
1010, 0.011065006256103516
1020, 0.012304067611694336
1030, 0.010320901870727539
1040, 0.010617971420288086
1050, 0.01158905029296875
1060, 0.010650873184204102
1070, 0.009277820587158203
1080, 0.007464170455932617
1090, 0.0074367523193359375
1100, 0.007526874542236328
1110, 0.00904393196105957
1120, 0.013067960739135742
1130, 0.011279106140136719
1140, 0.010596752166748047
1150, 0.010687112808227539
1160, 0.011473894119262695
1170, 0.011399030685424805
1180, 0.011622905731201172
1190, 0.01129007339477539
1200, 0.011873006820678711
1210, 0.012076139450073242
1220, 0.011133909225463867
1230, 0.010250329971313477
1240, 0.011622905731201172
1250, 0.011976957321166992
1260, 0.015617132186889648
1270, 0.01180887222290039
1280, 0.01264500617980957
1290, 0.01242208480834961
1300, 0.012051105499267578
1310, 0.01157689094543457
1320, 0.00968027114868164
1330, 0.01041102409362793
1340, 0.010287046432495117
1350, 0.011822223663330078
1360, 0.013757944107055664
1370, 0.012533187866210938
1380, 0.012903928756713867
1390, 0.01182699203491211
1400, 0.012107133865356445
1410, 0.012676000595092773
1420, 0.013175010681152344
1430, 0.013349771499633789
1440, 0.010258913040161133
1450, 0.011460065841674805
1460, 0.014561891555786133
1470, 0.01449894905090332
1480, 0.012362957000732422
1490, 0.014178037643432617
1500, 0.017709970474243164
1510, 0.013628959655761719
1520, 0.01477503776550293
1530, 0.019514799118041992
1540, 0.014404773712158203
1550, 0.014770984649658203
1560, 0.013912200927734375
1570, 0.013462066650390625
1580, 0.015801668167114258
1590, 0.014905691146850586
1600, 0.01922893524169922
1610, 0.01582789421081543
1620, 0.015223979949951172
1630, 0.015803813934326172
1640, 0.014372110366821289
1650, 0.015158653259277344
1660, 0.017728090286254883
1670, 0.015819787979125977
1680, 0.015427827835083008
1690, 0.014799118041992188
1700, 0.01868605613708496
1710, 0.01594090461730957
1720, 0.014277935028076172
1730, 0.016148090362548828
1740, 0.01359701156616211
1750, 0.014965057373046875
1760, 0.013277769088745117
1770, 0.015610933303833008
1780, 0.01662421226501465
1790, 0.01884293556213379
1800, 0.01624608039855957
1810, 0.018355846405029297
1820, 0.015931129455566406
1830, 0.016190767288208008
1840, 0.017066001892089844
1850, 0.019062042236328125
1860, 0.017838001251220703
1870, 0.01576995849609375
1880, 0.017576932907104492
1890, 0.01774907112121582
1900, 0.01695108413696289
1910, 0.017912864685058594
1920, 0.022922039031982422
1930, 0.017179012298583984
1940, 0.01716780662536621
1950, 0.018388032913208008
1960, 0.022258996963500977
1970, 0.01882314682006836
1980, 0.01815199851989746
1990, 0.01792168617248535
2000, 0.017329931259155273
2010, 0.017919063568115234
2020, 0.017924070358276367
2030, 0.017581939697265625
2040, 0.023185014724731445
2050, 0.01903510093688965
2060, 0.018186092376708984
2070, 0.01925802230834961
2080, 0.017273902893066406
2090, 0.02084517478942871
2100, 0.019214153289794922
2110, 0.024155139923095703
2120, 0.024080991744995117
2130, 0.018524169921875
2140, 0.018712282180786133
2150, 0.019014835357666016
2160, 0.020070314407348633
2170, 0.019865036010742188
2180, 0.0250699520111084
2190, 0.022600173950195312
2200, 0.02411818504333496
2210, 0.023656845092773438
2220, 0.0225827693939209
2230, 0.019690990447998047
2240, 0.02637791633605957
2250, 0.029825925827026367
2260, 0.025721073150634766
2270, 0.027836322784423828
2280, 0.02804398536682129
2290, 0.026259899139404297
2300, 0.02027583122253418
2310, 0.019865989685058594
2320, 0.02365899085998535
2330, 0.02113056182861328
2340, 0.023241281509399414
2350, 0.023696184158325195
2360, 0.02354907989501953
2370, 0.023755788803100586
2380, 0.028875112533569336
2390, 0.02117300033569336
2400, 0.021220922470092773
2410, 0.02388310432434082
2420, 0.0232388973236084
2430, 0.0258331298828125
2440, 0.022993087768554688
2450, 0.023777008056640625
2460, 0.023313283920288086
2470, 0.0221707820892334
2480, 0.021222829818725586
2490, 0.023801803588867188
2500, 0.024847030639648438
2510, 0.027856111526489258
2520, 0.022908926010131836
2530, 0.024451017379760742
2540, 0.02507305145263672
2550, 0.02428412437438965
2560, 0.025721073150634766
2570, 0.024447917938232422
2580, 0.023463726043701172
2590, 0.0260159969329834
2600, 0.022526025772094727
2610, 0.023530006408691406
2620, 0.02690601348876953
2630, 0.026604890823364258
2640, 0.027415037155151367
2650, 0.02538013458251953
2660, 0.025972843170166016
2670, 0.02398514747619629
2680, 0.030874252319335938
2690, 0.02698802947998047
2700, 0.024110078811645508
2710, 0.02784585952758789
2720, 0.023395061492919922
2730, 0.02801680564880371
2740, 0.031769752502441406
2750, 0.028381824493408203
2760, 0.025027990341186523
2770, 0.023792028427124023
2780, 0.026671171188354492
2790, 0.031126022338867188
2800, 0.024219989776611328
2810, 0.027572154998779297
2820, 0.025806903839111328
2830, 0.025783777236938477
2840, 0.0404820442199707
2850, 0.024466991424560547
2860, 0.02878594398498535
2870, 0.027252912521362305
2880, 0.026335954666137695
2890, 0.030179977416992188
2900, 0.02686309814453125
2910, 0.025796890258789062
2920, 0.028627872467041016
2930, 0.03085017204284668
2940, 0.0336000919342041
2950, 0.030080080032348633
2960, 0.030599117279052734
2970, 0.0288088321685791
2980, 0.030672788619995117
2990, 0.02891707420349121
3000, 0.030544042587280273
3010, 0.029102087020874023
3020, 0.033538103103637695
3030, 0.034800052642822266
3040, 0.02871394157409668
3050, 0.027090072631835938
3060, 0.028803110122680664
3070, 0.032926082611083984
3080, 0.034399986267089844
3090, 0.02957296371459961
3100, 0.027037382125854492
3110, 0.026406049728393555
3120, 0.030482053756713867
3130, 0.030462980270385742
3140, 0.02988886833190918
3150, 0.03360486030578613
3160, 0.030000925064086914
3170, 0.032672882080078125
3180, 0.03122997283935547
3190, 0.033132076263427734
3200, 0.03147697448730469
3210, 0.03796100616455078
3220, 0.03183293342590332
3230, 0.03206586837768555
3240, 0.03284311294555664
3250, 0.03206038475036621
3260, 0.033350229263305664
3270, 0.032876014709472656
3280, 0.03348517417907715
3290, 0.030556201934814453
3300, 0.03484201431274414
3310, 0.03289318084716797
3320, 0.03197813034057617
3330, 0.033167123794555664
3340, 0.04610705375671387
3350, 0.04107999801635742
3360, 0.03384089469909668
3370, 0.03237557411193848
3380, 0.038787841796875
3390, 0.03403115272521973
3400, 0.033041954040527344
3410, 0.03280472755432129
3420, 0.03939032554626465
3430, 0.036187171936035156
3440, 0.03215789794921875
3450, 0.03362107276916504
3460, 0.04274106025695801
3470, 0.0339808464050293
3480, 0.034355878829956055
3490, 0.03575015068054199
3500, 0.046070098876953125
3510, 0.0344388484954834
3520, 0.03531813621520996
3530, 0.03630685806274414
3540, 0.044209957122802734
3550, 0.03425097465515137
3560, 0.03369498252868652
3570, 0.03487420082092285
3580, 0.03886103630065918
3590, 0.034559011459350586
3600, 0.03805279731750488
3610, 0.03752303123474121
3620, 0.03969407081604004
3630, 0.035516977310180664
3640, 0.03719305992126465
3650, 0.041518211364746094
3660, 0.03836488723754883
3670, 0.03660893440246582
3680, 0.03679370880126953
3690, 0.04437708854675293
3700, 0.036926984786987305
3710, 0.03576803207397461
3720, 0.03713393211364746
3730, 0.039369821548461914
3740, 0.035717010498046875
3750, 0.041735172271728516
3760, 0.043834686279296875
3770, 0.036955833435058594
3780, 0.03780984878540039
3790, 0.037197113037109375
3800, 0.03998088836669922
3810, 0.04449009895324707
3820, 0.04272294044494629
3830, 0.0475921630859375
3840, 0.04086184501647949
3850, 0.03884077072143555
3860, 0.040863990783691406
3870, 0.043020009994506836
3880, 0.04047822952270508
3890, 0.03929591178894043
3900, 0.04695701599121094
3910, 0.04226398468017578
3920, 0.042716026306152344
3930, 0.03997516632080078
3940, 0.04088902473449707
3950, 0.042707204818725586
3960, 0.0381009578704834
3970, 0.04724597930908203
3980, 0.043534278869628906
3990, 0.04263186454772949
4000, 0.04172635078430176
4010, 0.04274106025695801
4020, 0.04507327079772949
4030, 0.0391688346862793
4040, 0.04250025749206543
4050, 0.04098916053771973
4060, 0.041915178298950195
4070, 0.04509711265563965
4080, 0.04366588592529297
4090, 0.046959638595581055
4100, 0.056127071380615234
4110, 0.04561614990234375
4120, 0.04570913314819336
4130, 0.04553508758544922
4140, 0.040338993072509766
4150, 0.0404510498046875
4160, 0.04229307174682617
4170, 0.04706287384033203
4180, 0.04546093940734863
4190, 0.043237924575805664
4200, 0.04713702201843262
4210, 0.04335308074951172
4220, 0.046092987060546875
4230, 0.055446624755859375
4240, 0.04550909996032715
4250, 0.044861793518066406
4260, 0.05379605293273926
4270, 0.042855262756347656
4280, 0.043089866638183594
4290, 0.053954124450683594
4300, 0.044450998306274414
4310, 0.0450289249420166
4320, 0.052741050720214844
4330, 0.044943809509277344
4340, 0.04819512367248535
4350, 0.053093910217285156
4360, 0.04342484474182129
4370, 0.046097755432128906
4380, 0.0534212589263916
4390, 0.04717302322387695
4400, 0.04870867729187012
4410, 0.05798673629760742
4420, 0.04325389862060547
4430, 0.04745221138000488
4440, 0.05285811424255371
4450, 0.04512500762939453
4460, 0.04985404014587402
4470, 0.05593085289001465
4480, 0.06361913681030273
4490, 0.04488015174865723
4500, 0.059285879135131836
4510, 0.05198812484741211
4520, 0.04794430732727051
4530, 0.050328969955444336
4540, 0.04652905464172363
4550, 0.0554349422454834
4560, 0.04877901077270508
4570, 0.050556182861328125
4580, 0.05132627487182617
4590, 0.050951242446899414
4600, 0.049288034439086914
4610, 0.04785418510437012
4620, 0.04944896697998047
4630, 0.04918503761291504
4640, 0.057653188705444336
4650, 0.051611900329589844
4660, 0.051190853118896484
4670, 0.056018829345703125
4680, 0.05088376998901367
4690, 0.0510411262512207
4700, 0.05217099189758301
4710, 0.05109405517578125
4720, 0.050385236740112305
4730, 0.055226802825927734
4740, 0.051606178283691406
4750, 0.050923824310302734
4760, 0.05005908012390137
4770, 0.05327272415161133
4780, 0.057106971740722656
4790, 0.05326485633850098
4800, 0.05384707450866699
4810, 0.05396389961242676
4820, 0.05255889892578125
4830, 0.05372500419616699
4840, 0.05192208290100098
4850, 0.05272698402404785
4860, 0.06161904335021973
4870, 0.044464826583862305
4880, 0.05213594436645508
4890, 0.05808711051940918
4900, 0.052681922912597656
4910, 0.054991960525512695
4920, 0.05213308334350586
4930, 0.0527951717376709
4940, 0.06223893165588379
4950, 0.0545041561126709
4960, 0.05202198028564453
4970, 0.055719852447509766
4980, 0.05785703659057617
4990, 0.06552505493164062
5000, 0.057405948638916016
5010, 0.05526590347290039
5020, 0.05936002731323242
5030, 0.0540928840637207
5040, 0.07515501976013184
5050, 0.054071903228759766
5060, 0.05562090873718262
5070, 0.05915689468383789
5080, 0.0547490119934082
5090, 0.05938100814819336
5100, 0.05562591552734375
5110, 0.05451703071594238
5120, 0.06227684020996094
5130, 0.05749106407165527
5140, 0.05785179138183594
5150, 0.05689859390258789
5160, 0.05894112586975098
5170, 0.06699109077453613
5180, 0.05835294723510742
5190, 0.05776095390319824
5200, 0.058615922927856445
5210, 0.06018424034118652
5220, 0.06696796417236328
5230, 0.05920004844665527
5240, 0.05843687057495117
5250, 0.06260299682617188
5260, 0.06155705451965332
5270, 0.06589293479919434
5280, 0.06113791465759277
5290, 0.06020998954772949
5300, 0.06077313423156738
5310, 0.059072017669677734
5320, 0.06773114204406738
5330, 0.06137895584106445
5340, 0.0731651782989502
5350, 0.061179161071777344
5360, 0.061200857162475586
5370, 0.05854296684265137
5380, 0.0614619255065918
5390, 0.0739130973815918
5400, 0.06328773498535156
5410, 0.057997941970825195
5420, 0.06443905830383301
5430, 0.061675071716308594
5440, 0.06709814071655273
5450, 0.06284403800964355
5460, 0.07228803634643555
5470, 0.06522607803344727
5480, 0.06260228157043457
5490, 0.06663703918457031
5500, 0.06150221824645996
5510, 0.06581497192382812
5520, 0.06263303756713867
5530, 0.07134699821472168
5540, 0.06786298751831055
5550, 0.06493210792541504
5560, 0.06383109092712402
5570, 0.06584405899047852
5580, 0.06799173355102539
5590, 0.06398415565490723
5600, 0.07436800003051758
5610, 0.06493592262268066
5620, 0.08062982559204102
5630, 0.06722807884216309
5640, 0.06554126739501953
5650, 0.06914305686950684
5660, 0.06030416488647461
5670, 0.06815600395202637
5680, 0.06534004211425781
5690, 0.08139801025390625
5700, 0.06831789016723633
5710, 0.07268619537353516
5720, 0.07362794876098633
5730, 0.07834315299987793
5740, 0.06722402572631836
5750, 0.06761312484741211
5760, 0.06534481048583984
5770, 0.06963205337524414
5780, 0.07240414619445801
5790, 0.07030797004699707
5800, 0.07165312767028809
5810, 0.06653809547424316
5820, 0.0761098861694336
5830, 0.06783366203308105
5840, 0.07530498504638672
5850, 0.06922173500061035
5860, 0.07216095924377441
5870, 0.0680229663848877
5880, 0.06859707832336426
5890, 0.06886410713195801
5900, 0.06749892234802246
5910, 0.07124090194702148
5920, 0.06881117820739746
5930, 0.07171010971069336
5940, 0.068817138671875
5950, 0.07534098625183105
5960, 0.06654906272888184
5970, 0.0765378475189209
5980, 0.06897592544555664
5990, 0.08642196655273438
6000, 0.0742330551147461
6010, 0.08359313011169434
6020, 0.07150602340698242
6030, 0.08133196830749512
6040, 0.07279014587402344
6050, 0.07381010055541992
6060, 0.07773780822753906
6070, 0.08337998390197754
6080, 0.0808718204498291
6090, 0.08133506774902344
6100, 0.06891608238220215
6110, 0.07076191902160645
6120, 0.07726597785949707
6130, 0.07155585289001465
6140, 0.07697105407714844
6150, 0.07865595817565918
6160, 0.08507084846496582
6170, 0.0756998062133789
6180, 0.08021807670593262
6190, 0.07846283912658691
6200, 0.08319807052612305
6210, 0.07071304321289062
6220, 0.07580709457397461
6230, 0.08283090591430664
6240, 0.0888822078704834
6250, 0.07960820198059082
6260, 0.08540081977844238
6270, 0.08930802345275879
6280, 0.08168601989746094
6290, 0.07930493354797363
6300, 0.08452081680297852
6310, 0.07729268074035645
6320, 0.0804738998413086
6330, 0.07692503929138184
6340, 0.08431315422058105
6350, 0.07849001884460449
6360, 0.08302092552185059
6370, 0.07772707939147949
6380, 0.12495899200439453
6390, 0.07492494583129883
6400, 0.07394218444824219
6410, 0.07715034484863281
6420, 0.07152485847473145
6430, 0.0778958797454834
6440, 0.07522296905517578
6450, 0.08140397071838379
6460, 0.07872414588928223
6470, 0.08154106140136719
6480, 0.0764319896697998
6490, 0.08266186714172363
6500, 0.08401298522949219
6510, 0.09520268440246582
6520, 0.09067702293395996
6530, 0.08361387252807617
6540, 0.08707880973815918
6550, 0.08131980895996094
6560, 0.09404969215393066
6570, 0.08130288124084473
6580, 0.08120608329772949
6590, 0.09336113929748535
6600, 0.07943105697631836
6610, 0.0991365909576416
6620, 0.0855550765991211
6630, 0.09131288528442383
6640, 0.08501601219177246
6650, 0.10500502586364746
6660, 0.09210991859436035
6670, 0.09953093528747559
6680, 0.08853316307067871
6690, 0.0840909481048584
6700, 0.08774089813232422
6710, 0.0809316635131836
6720, 0.0875849723815918
6730, 0.08923029899597168
6740, 0.08237528800964355
6750, 0.09197020530700684
6760, 0.09914493560791016
6770, 0.09199690818786621
6780, 0.1015627384185791
6790, 0.08613801002502441
6800, 0.11559915542602539
6810, 0.08401894569396973
6820, 0.10567975044250488
6830, 0.09165596961975098
6840, 0.10379600524902344
6850, 0.11698508262634277
6860, 0.09338712692260742
6870, 0.11472582817077637
6880, 0.09373807907104492
6890, 0.09189105033874512
6900, 0.08895111083984375
6910, 0.08237290382385254
6920, 0.0832357406616211
6930, 0.08013319969177246
6940, 0.08104491233825684
6950, 0.08453083038330078
6960, 0.0969688892364502
6970, 0.09216594696044922
6980, 0.10307574272155762
6990, 0.08015203475952148
7000, 0.09375500679016113
7010, 0.08814406394958496
7020, 0.08264803886413574
7030, 0.08687400817871094
7040, 0.1031029224395752
7050, 0.09665989875793457
7060, 0.09743309020996094
7070, 0.1021718978881836
7080, 0.1013648509979248
7090, 0.09818911552429199
7100, 0.09593868255615234
7110, 0.10160303115844727
7120, 0.09933018684387207
7130, 0.10733699798583984
7140, 0.1046748161315918
7150, 0.13134193420410156
7160, 0.09226298332214355
7170, 0.11933302879333496
7180, 0.11175298690795898
7190, 0.13724207878112793
7200, 0.08677911758422852
7210, 0.09804081916809082
7220, 0.08958196640014648
7230, 0.09154582023620605
7240, 0.09397697448730469
7250, 0.09024500846862793
7260, 0.09939312934875488
7270, 0.1212778091430664
7280, 0.09268498420715332
7290, 0.11461091041564941
7300, 0.09833884239196777
7310, 0.10765695571899414
7320, 0.09751200675964355
7330, 0.10360431671142578
7340, 0.1128849983215332
7350, 0.10615897178649902
7360, 0.1085047721862793
7370, 0.09554886817932129
7380, 0.0999612808227539
7390, 0.11928677558898926
7400, 0.0963132381439209
7410, 0.11278223991394043
7420, 0.10230684280395508
7430, 0.09431195259094238
7440, 0.11657404899597168
7450, 0.10220694541931152
7460, 0.11485075950622559
7470, 0.09377098083496094
7480, 0.10352277755737305
7490, 0.11945319175720215
7500, 0.11476707458496094
7510, 0.10344719886779785
7520, 0.10665702819824219
7530, 0.11498212814331055
7540, 0.1278541088104248
7550, 0.11949872970581055
7560, 0.12162208557128906
7570, 0.10228204727172852
7580, 0.10788679122924805
7590, 0.1255631446838379
7600, 0.10195183753967285
7610, 0.11299514770507812
7620, 0.11374998092651367
7630, 0.11260986328125
7640, 0.10738396644592285
7650, 0.12012696266174316
7660, 0.11347079277038574
7670, 0.1287250518798828
7680, 0.10768890380859375
7690, 0.1289505958557129
7700, 0.12299799919128418
7710, 0.11342382431030273
7720, 0.11879682540893555
7730, 0.10919809341430664
7740, 0.11676597595214844
7750, 0.12595582008361816
7760, 0.11111688613891602
7770, 0.1290578842163086
7780, 0.11850762367248535
7790, 0.1156620979309082
7800, 0.1189870834350586
7810, 0.11645102500915527
7820, 0.10787415504455566
7830, 0.13427495956420898
7840, 0.1099860668182373
7850, 0.11703801155090332
7860, 0.13193130493164062
7870, 0.12463712692260742
7880, 0.12078404426574707
7890, 0.14580082893371582
7900, 0.11599302291870117
7910, 0.11606502532958984
7920, 0.10806393623352051
7930, 0.11472082138061523
7940, 0.1342909336090088
7950, 0.1230778694152832
7960, 0.14845800399780273
7970, 0.13616323471069336
7980, 0.11922001838684082
7990, 0.11130118370056152
8000, 0.1386241912841797
8010, 0.12451910972595215
8020, 0.12643003463745117
8030, 0.14389300346374512
8040, 0.125274658203125
8050, 0.12368893623352051
8060, 0.12867498397827148
8070, 0.12993788719177246
8080, 0.1392807960510254
8090, 0.14068984985351562
8100, 0.11602997779846191
8110, 0.1318678855895996
8120, 0.15583276748657227
8130, 0.12579083442687988
8140, 0.12602496147155762
8150, 0.13689303398132324
8160, 0.14425110816955566
8170, 0.14603710174560547
8180, 0.12399697303771973
8190, 0.11939406394958496
8200, 0.12422609329223633
8210, 0.150864839553833
8220, 0.11479997634887695
8230, 0.1265583038330078
8240, 0.12933015823364258
8250, 0.13502192497253418
8260, 0.133774995803833
8270, 0.13050580024719238
8280, 0.11799407005310059
8290, 0.12799310684204102
8300, 0.132155179977417
8310, 0.11853599548339844
8320, 0.12779903411865234
8330, 0.13560104370117188
8340, 0.11692285537719727
8350, 0.12263679504394531
8360, 0.1318950653076172
8370, 0.13684582710266113
8380, 0.14199328422546387
8390, 0.14447999000549316
8400, 0.12929511070251465
8410, 0.12612009048461914
8420, 0.13472414016723633
8430, 0.11810779571533203
8440, 0.11791300773620605
8450, 0.13053584098815918
8460, 0.14046311378479004
8470, 0.12618803977966309
8480, 0.11642193794250488
8490, 0.13667893409729004
8500, 0.13451480865478516
8510, 0.12734127044677734
8520, 0.13885998725891113
8530, 0.12700891494750977
8540, 0.13133907318115234
8550, 0.1361401081085205
8560, 0.145888090133667
8570, 0.15321969985961914
8580, 0.11565971374511719
8590, 0.1373119354248047
8600, 0.11336398124694824
8610, 0.12154984474182129
8620, 0.1295640468597412
8630, 0.13015007972717285
8640, 0.11861681938171387
8650, 0.13520431518554688
8660, 0.14841604232788086
8670, 0.1348123550415039
8680, 0.12854719161987305
8690, 0.13900399208068848
8700, 0.13351798057556152
8710, 0.1280057430267334
8720, 0.12122297286987305
8730, 0.13841676712036133
8740, 0.13019013404846191
8750, 0.13109397888183594
8760, 0.1463320255279541
8770, 0.14235210418701172
8780, 0.12271404266357422
8790, 0.13441896438598633
8800, 0.14232802391052246
8810, 0.13135623931884766
8820, 0.14123964309692383
8830, 0.1366720199584961
8840, 0.15352797508239746
8850, 0.13551688194274902
8860, 0.13114523887634277
8870, 0.1334390640258789
8880, 0.13559603691101074
8890, 0.1282639503479004
8900, 0.13781309127807617
8910, 0.1445932388305664
8920, 0.1404743194580078
8930, 0.13140082359313965
8940, 0.130767822265625
8950, 0.1638028621673584
8960, 0.15840601921081543
8970, 0.13835597038269043
8980, 0.15067529678344727
8990, 0.15360784530639648
9000, 0.13653206825256348
9010, 0.15050983428955078
9020, 0.16671991348266602
9030, 0.14378690719604492
9040, 0.13872623443603516
9050, 0.1435539722442627
9060, 0.1687030792236328
9070, 0.1414179801940918
9080, 0.14479517936706543
9090, 0.14189791679382324
9100, 0.14837980270385742
9110, 0.13202905654907227
9120, 0.14812898635864258
9130, 0.15888309478759766
9140, 0.1697540283203125
9150, 0.1537160873413086
9160, 0.13635873794555664
9170, 0.1377420425415039
9180, 0.16204309463500977
9190, 0.15049195289611816
9200, 0.14293885231018066
9210, 0.13590621948242188
9220, 0.14095306396484375
9230, 0.18032479286193848
9240, 0.13851308822631836
9250, 0.1406691074371338
9260, 0.1475081443786621
9270, 0.16371417045593262
9280, 0.14669489860534668
9290, 0.14811182022094727
9300, 0.17149806022644043
9310, 0.17299389839172363
9320, 0.15903878211975098
9330, 0.15425705909729004
9340, 0.1446831226348877
9350, 0.16176509857177734
9360, 0.17256617546081543
9370, 0.15302300453186035
9380, 0.1761159896850586
9390, 0.1531221866607666
9400, 0.17113494873046875
9410, 0.18279004096984863
9420, 0.1407151222229004
9430, 0.14627599716186523
9440, 0.13454508781433105
9450, 0.14617490768432617
9460, 0.11758017539978027
9470, 0.12644720077514648
9480, 0.13645195960998535
9490, 0.1578829288482666
9500, 0.1648728847503662
9510, 0.15917706489562988
9520, 0.15404176712036133
9530, 0.17795467376708984
9540, 0.15607285499572754
9550, 0.3362710475921631
9560, 0.15331816673278809
9570, 0.19694900512695312
9580, 0.18592286109924316
9590, 0.17558503150939941
9600, 0.16197609901428223
9610, 0.15692806243896484
9620, 0.16820383071899414
9630, 0.16815614700317383
9640, 0.1870262622833252
9650, 0.16415810585021973
9660, 0.15619301795959473
9670, 0.15985488891601562
9680, 0.17213106155395508
9690, 0.17725110054016113
9700, 0.1536848545074463
9710, 0.1557619571685791
9720, 0.1475369930267334
9730, 0.14432406425476074
9740, 0.15860819816589355
9750, 0.16886115074157715
9760, 0.15996694564819336
9770, 0.15236783027648926
9780, 0.1810302734375
9790, 0.1824791431427002
9800, 0.17355704307556152
9810, 0.16635584831237793
9820, 0.1779639720916748
9830, 0.15390801429748535
9840, 0.17648005485534668
9850, 0.15605783462524414
9860, 0.11995077133178711
9870, 0.13757824897766113
9880, 0.17421317100524902
9890, 0.13398289680480957
9900, 0.14645099639892578
9910, 0.15344691276550293
9920, 0.12068891525268555
9930, 0.1300969123840332
9940, 0.1793830394744873
9950, 0.14229822158813477
9960, 0.20063209533691406
9970, 0.17687201499938965
9980, 0.20761489868164062
9990, 0.16630792617797852
10000, 0.2274789810180664
10200, 0.1388998031616211
10400, 0.12239718437194824
10600, 0.1558699607849121
10800, 0.14746308326721191
11000, 0.1694319248199463
11200, 0.16818690299987793
11400, 0.1639089584350586
11600, 0.16787505149841309
11800, 0.18340182304382324
12000, 0.18104171752929688
12200, 0.1801011562347412
12400, 0.23540115356445312
12600, 0.2662792205810547
12800, 0.24368810653686523
13000, 0.24814319610595703
13200, 0.2711451053619385
13400, 0.2635509967803955
13600, 0.27369022369384766
13800, 0.28986287117004395
14000, 0.3269309997558594
14200, 0.3045840263366699
14400, 0.3020009994506836
14600, 0.3006138801574707
14800, 0.32248592376708984
15000, 0.32061004638671875
15200, 0.311906099319458
15400, 0.34607505798339844
15600, 0.334244966506958
15800, 0.33924198150634766
16000, 0.3434867858886719
16200, 0.35570311546325684
16400, 0.37519097328186035
16600, 0.38295507431030273
16800, 0.33558106422424316
17000, 0.42149996757507324
17200, 0.3744640350341797
17400, 0.39466381072998047
17600, 0.4042510986328125
17800, 0.4086310863494873
18000, 0.4025259017944336
18200, 0.38726115226745605
18400, 0.4357149600982666
18600, 0.43242597579956055
18800, 0.4126880168914795
19000, 0.43373990058898926
19200, 0.4420459270477295
19400, 0.41841888427734375
19600, 0.4562351703643799
19800, 0.46013474464416504
20000, 0.4496941566467285
20200, 0.44779276847839355
20400, 0.4452860355377197
20600, 0.47264981269836426
20800, 0.4634897708892822
21000, 0.5055248737335205
21200, 0.4799790382385254
21400, 0.5022671222686768
21600, 0.4608759880065918
21800, 0.3880157470703125
22000, 0.5081119537353516
22200, 0.4612617492675781
22400, 0.5311069488525391
22600, 0.5126678943634033
22800, 0.48399806022644043
23000, 0.5207266807556152
23200, 0.4935901165008545
23400, 0.49324798583984375
23600, 0.5135781764984131
23800, 0.5436511039733887
24000, 0.49859189987182617
24200, 0.5384657382965088
24400, 0.5685880184173584
24600, 0.5750091075897217
24800, 0.5595378875732422
25000, 0.9009981155395508
26000, 0.7068979740142822
27000, 0.7872998714447021
28000, 0.8887438774108887
29000, 0.7253031730651855
30000, 0.7021141052246094
31000, 0.9324009418487549
32000, 0.8186430931091309
33000, 0.7987692356109619
34000, 0.9721870422363281
35000, 0.9215009212493896
36000, 1.1692430973052979
37000, 1.0174942016601562
38000, 1.2291419506072998
39000, 1.1234629154205322
40000, 1.4534032344818115


